{
    "parent": "minecraft:item/generated",
    "textures": {
      "layer0": "minecraft:item/phantom_membrane"
    },
    "overrides": [
        {"predicate":{"custom_model_data":1},"model":"qualityarmory:ammo/ammo9mm"},
        {"predicate":{"custom_model_data":2},"model":"qualityarmory:ammo/ammo556"},
        {"predicate":{"custom_model_data":3},"model":"qualityarmory:ammo/ammo762"},
        {"predicate":{"custom_model_data":4},"model":"qualityarmory:ammo/ammoshotgun"},
        {"predicate":{"custom_model_data":5},"model":"qualityarmory:ammo/ammorpg"},
        {"predicate":{"custom_model_data":6},"model":"qualityarmory:ammo/ammomusketball"},
        {"predicate":{"custom_model_data":7},"model":"qualityarmory:ammo/ammo50cal"},
        {"predicate":{"custom_model_data":8},"model":"qualityarmory:ammo/ammo40m"},
        {"predicate":{"custom_model_data":9},"model":"qualityarmory:ammo/ammomininuke"},
        {"predicate":{"custom_model_data":10},"model":"qualityarmory:ammo/ammofusion"},
        {"predicate":{"custom_model_data":11},"model":"qualityarmory:backpack/backpackgreen"},
        {"predicate":{"custom_model_data":12},"model":"qualityarmory:backpack/backpackparachute"},
        {"predicate":{"custom_model_data":13},"model":"qualityarmory:backpack/parachutewhite"},
        {"predicate":{"custom_model_data":14},"model":"qualityarmory:backpack/backpackblack"},
        {"predicate":{"custom_model_data":15},"model":"qualityarmory:backpack/backpackblue"},
        {"predicate":{"custom_model_data":16},"model":"qualityarmory:backpack/backpackorange"},
        {"predicate":{"custom_model_data":17},"model":"qualityarmory:backpack/backpackpink"},
        {"predicate":{"custom_model_data":18},"model":"qualityarmory:armor/assaultmask"},
        {"predicate":{"custom_model_data":19},"model":"qualityarmory:armor/ncrmask"},
        {"predicate":{"custom_model_data":20},"model":"qualityarmory:armor/skimask"},
        {"predicate":{"custom_model_data":21},"model":"qualityarmory:armor/ushankahat"},
        {"predicate":{"custom_model_data":22},"model":"qualityarmory:misc/medkit"},
        {"predicate":{"custom_model_data":23},"model":"qualityarmory:ammo/ammo545"}
    ]
}